"ident","lat","long","new_seg","display","color","altitude","depth","temp","time","model","filename","ltime"
"pa3"," "," "," "," "," "," "," "," "," "," "," "," "
"pa3",-16.3771206106,-71.5230927214,"False"," "," ",0," "," "," "," "," "," "
"pa3",-16.3773207071,-71.5233717595,"False"," "," ",0," "," "," "," "," "," "
"pa3",-16.3783274829,-71.5240559405,"False"," "," ",0," "," "," "," "," "," "
"pa3",-16.3788523178,-71.5229712002,"False"," "," ",0," "," "," "," "," "," "
"pa3",-16.3779442112,-71.5223831388,"False"," "," ",0," "," "," "," "," "," "
"pa3",-16.3777325878,-71.5226383467,"False"," "," ",0," "," "," "," "," "," "
"pa3",-16.377419885,-71.5222835253,"False"," "," ",0," "," "," "," "," "," "
"pa3",-16.3768601522,-71.5227717979,"False"," "," ",0," "," "," "," "," "," "
"pa10"," "," "," "," "," "," "," "," "," "," "," "," "
"pa10",-16.3785848664,-71.5317488683,"False"," "," ",0," "," "," "," "," "," "
"pa10",-16.3793829158,-71.5297071024,"False"," "," ",0," "," "," "," "," "," "
"pa10",-16.3779727336,-71.529910366,"False"," "," ",0," "," "," "," "," "," "
"pa10",-16.3782561173,-71.531715541,"False"," "," ",0," "," "," "," "," "," "
"pa12"," "," "," "," "," "," "," "," "," "," "," "," "
"pa12",-16.3776397947,-71.528599128,"False"," "," ",0," "," "," "," "," "," "
"pa12",-16.3779692338,-71.5290533863,"False"," "," ",0," "," "," "," "," "," "
"pa12",-16.378164602,-71.5290459141,"False"," "," ",0," "," "," "," "," "," "
"pa12",-16.3783582637,-71.5294187305,"False"," "," ",0," "," "," "," "," "," "
"pa12",-16.3793211023,-71.5292563633,"False"," "," ",0," "," "," "," "," "," "
"pa12",-16.3782482648,-71.5280016229,"False"," "," ",0," "," "," "," "," "," "
"pa16"," "," "," "," "," "," "," "," "," "," "," "," "
"pa16",-16.3752484248,-71.5259700071,"False"," "," ",0," "," "," "," "," "," "
"pa16",-16.3748093528,-71.5250127635,"False"," "," ",0," "," "," "," "," "," "
"pa16",-16.3744764658,-71.5251991775,"False"," "," ",0," "," "," "," "," "," "
"pa16",-16.375409187,-71.5270465284,"False"," "," ",0," "," "," "," "," "," "
"pa16",-16.3760859043,-71.5267389967,"False"," "," ",0," "," "," "," "," "," "
"pa16",-16.3766954951,-71.5261302741,"False"," "," ",0," "," "," "," "," "," "
"pa16",-16.3762562588,-71.5253738998,"False"," "," ",0," "," "," "," "," "," "
"pa20"," "," "," "," "," "," "," "," "," "," "," "," "
"pa20",-16.3746361937,-71.516458131,"False"," "," ",0," "," "," "," "," "," "
"pa20",-16.3735828452,-71.5150537094,"False"," "," ",0," "," "," "," "," "," "
"pa20",-16.3725983258,-71.5157265313,"False"," "," ",0," "," "," "," "," "," "
"pa20",-16.3737407422,-71.5172303665,"False"," "," ",0," "," "," "," "," "," "
"pa21"," "," "," "," "," "," "," "," "," "," "," "," "
"pa21",-16.3718167461,-71.5107733008,"False"," "," ",0," "," "," "," "," "," "
"pa21",-16.3702890886,-71.5119610317,"False"," "," ",0," "," "," "," "," "," "
"pa21",-16.3709179301,-71.5127776675,"False"," "," ",0," "," "," "," "," "," "
"pa21",-16.371413394,-71.5124104392,"False"," "," ",0," "," "," "," "," "," "
"pa21",-16.3717659794,-71.5129246741,"False"," "," ",0," "," "," "," "," "," "
"pa21",-16.3728094428,-71.5121165463,"False"," "," ",0," "," "," "," "," "," "
"pa23"," "," "," "," "," "," "," "," "," "," "," "," "
"pa23",-16.3718080868,-71.5107355038,"False"," "," ",0," "," "," "," "," "," "
"pa23",-16.3712435031,-71.5099635378,"False"," "," ",0," "," "," "," "," "," "
"pa23",-16.3697352263,-71.5111962154,"False"," "," ",0," "," "," "," "," "," "
"pa23",-16.3698976008,-71.5114220604,"False"," "," ",0," "," "," "," "," "," "
"pa23",-16.3693813644,-71.5118335166,"False"," "," ",0," "," "," "," "," "," "
"pa23",-16.3697758792,-71.5122951389,"False"," "," ",0," "," "," "," "," "," "
"pa28"," "," "," "," "," "," "," "," "," "," "," "," "
"pa28",-16.3737862465,-71.5085983427,"False"," "," ",0," "," "," "," "," "," "
"pa28",-16.3733307416,-71.5089799008,"False"," "," ",0," "," "," "," "," "," "
"pa28",-16.3742621414,-71.5102081298,"False"," "," ",0," "," "," "," "," "," "
"pa28",-16.3734638974,-71.5108637207,"False"," "," ",0," "," "," "," "," "," "
"pa28",-16.3738322184,-71.5113478716,"False"," "," ",0," "," "," "," "," "," "
"pa28",-16.3751085604,-71.5103827234,"False"," "," ",0," "," "," "," "," "," "
"pa29"," "," "," "," "," "," "," "," "," "," "," "," "
"pa29",-16.3729000364,-71.5074363341,"False"," "," ",0," "," "," "," "," "," "
"pa29",-16.3722202336,-71.50669486,"False"," "," ",0," "," "," "," "," "," "
"pa29",-16.3718489745,-71.5069583469,"False"," "," ",0," "," "," "," "," "," "
"pa29",-16.3733146148,-71.5089415574,"False"," "," ",0," "," "," "," "," "," "
"pa29",-16.3737740143,-71.5085879527,"False"," "," ",0," "," "," "," "," "," "
"pa44"," "," "," "," "," "," "," "," "," "," "," "," "
"pa44",-16.3642244269,-71.513979164,"False"," "," ",0," "," "," "," "," "," "
"pa44",-16.3628445092,-71.513961582,"False"," "," ",0," "," "," "," "," "," "
"pa44",-16.3626167093,-71.5136908615,"False"," "," ",0," "," "," "," "," "," "
"pa44",-16.3621174952,-71.5137104249,"False"," "," ",0," "," "," "," "," "," "
"pa44",-16.3624906593,-71.51439773,"False"," "," ",0," "," "," "," "," "," "
"pa44",-16.3627288144,-71.5148107323,"False"," "," ",0," "," "," "," "," "," "
"pa44",-16.36297287,-71.5158226859,"False"," "," ",0," "," "," "," "," "," "
"pa44",-16.3645209792,-71.5155050045,"False"," "," ",0," "," "," "," "," "," "
"pa44",-16.3644113514,-71.5148658631,"False"," "," ",0," "," "," "," "," "," "
"pa44",-16.364864785,-71.5147392566,"False"," "," ",0," "," "," "," "," "," "
"pa44",-16.3653975082,-71.5143434905,"False"," "," ",0," "," "," "," "," "," "
"pa44",-16.3653865468,-71.51399218,"False"," "," ",0," "," "," "," "," "," "
"pa45"," "," "," "," "," "," "," "," "," "," "," "," "
"pa45",-16.3714303387,-71.5256642949,"False"," "," ",0," "," "," "," "," "," "
"pa45",-16.3713646132,-71.5256249278,"False"," "," ",0," "," "," "," "," "," "
"pa45",-16.3709008702,-71.5261315202,"False"," "," ",0," "," "," "," "," "," "
"pa45",-16.3712141117,-71.5265120893,"False"," "," ",0," "," "," "," "," "," "
"pa45",-16.371984913,-71.5270346142,"False"," "," ",0," "," "," "," "," "," "
"pa45",-16.3728910303,-71.5276754924,"False"," "," ",0," "," "," "," "," "," "
"pa45",-16.3726325176,-71.5281693965,"False"," "," ",0," "," "," "," "," "," "
"pa45",-16.3730650668,-71.5284143256,"False"," "," ",0," "," "," "," "," "," "
"pa45",-16.3732905276,-71.5283643201,"False"," "," ",0," "," "," "," "," "," "
"pa45",-16.3736817566,-71.5277474181,"False"," "," ",0," "," "," "," "," "," "
"pa45",-16.3732728191,-71.527139637,"False"," "," ",0," "," "," "," "," "," "
"pa45",-16.3726529623,-71.5266821816,"False"," "," ",0," "," "," "," "," "," "
"pa45",-16.3720196126,-71.5257718196,"False"," "," ",0," "," "," "," "," "," "
"pa45",-16.3716480769,-71.5254193156,"False"," "," ",0," "," "," "," "," "," "
"pa49"," "," "," "," "," "," "," "," "," "," "," "," "
"pa49",-16.3688274399,-71.5252092246,"False"," "," ",0," "," "," "," "," "," "
"pa49",-16.3681828817,-71.5247571781,"False"," "," ",0," "," "," "," "," "," "
"pa49",-16.3682775567,-71.5245548109,"False"," "," ",0," "," "," "," "," "," "
"pa49",-16.3679724524,-71.5239326165,"False"," "," ",0," "," "," "," "," "," "
"pa49",-16.3684666966,-71.5236633576,"False"," "," ",0," "," "," "," "," "," "
"pa49",-16.367674664,-71.5222883014,"False"," "," ",0," "," "," "," "," "," "
"pa49",-16.3670898165,-71.5226728139,"False"," "," ",0," "," "," "," "," "," "
"pa49",-16.3660469118,-71.523949352,"False"," "," ",0," "," "," "," "," "," "
"pa49",-16.3657955201,-71.5243647293,"False"," "," ",0," "," "," "," "," "," "
"pa49",-16.3682618675,-71.5260799025,"False"," "," ",0," "," "," "," "," "," "
"pa52"," "," "," "," "," "," "," "," "," "," "," "," "
"pa52",-16.3721420315,-71.5281888102,"False"," "," ",0," "," "," "," "," "," "
"pa52",-16.3725233598,-71.5284146753,"False"," "," ",0," "," "," "," "," "," "
"pa52",-16.3722438348,-71.5289367436,"False"," "," ",0," "," "," "," "," "," "
"pa52",-16.3710170054,-71.5280936263,"False"," "," ",0," "," "," "," "," "," "
"pa52",-16.3703539529,-71.5290650278,"False"," "," ",0," "," "," "," "," "," "
"pa52",-16.3699941157,-71.5296875733,"False"," "," ",0," "," "," "," "," "," "
"pa52",-16.3709192008,-71.5298505306,"False"," "," ",0," "," "," "," "," "," "
"pa52",-16.3712433172,-71.5295643795,"False"," "," ",0," "," "," "," "," "," "
"pa52",-16.371354855,-71.5291323467,"False"," "," ",0," "," "," "," "," "," "
"pa52",-16.3714061997,-71.5290533673,"False"," "," ",0," "," "," "," "," "," "
"pa52",-16.3715297034,-71.5290413762,"False"," "," ",0," "," "," "," "," "," "
"pa52",-16.3717181739,-71.5294140086,"False"," "," ",0," "," "," "," "," "," "
"pa52",-16.3719180589,-71.5294377026,"False"," "," ",0," "," "," "," "," "," "
"pa52",-16.3720396479,-71.5294084593,"False"," "," ",0," "," "," "," "," "," "
"pa52",-16.372118296,-71.5293528544,"False"," "," ",0," "," "," "," "," "," "
"pa52",-16.3722951874,-71.5290639776,"False"," "," ",0," "," "," "," "," "," "
"pa52",-16.3723632552,-71.5290276058,"False"," "," ",0," "," "," "," "," "," "
"pa52",-16.372569361,-71.5290871284,"False"," "," ",0," "," "," "," "," "," "
"pa52",-16.3733661803,-71.5291272311,"False"," "," ",0," "," "," "," "," "," "
"pa52",-16.3734631849,-71.5290128023,"False"," "," ",0," "," "," "," "," "," "
"pa52",-16.3733481675,-71.5287196354,"False"," "," ",0," "," "," "," "," "," "
"pa52",-16.3722789813,-71.5279957943,"False"," "," ",0," "," "," "," "," "," "
"pa54"," "," "," "," "," "," "," "," "," "," "," "," "
"pa54",-16.3654542441,-71.52485844,"False"," "," ",0," "," "," "," "," "," "
"pa54",-16.3679078241,-71.5266144117,"False"," "," ",0," "," "," "," "," "," "
"pa54",-16.3682331598,-71.5261290292,"False"," "," ",0," "," "," "," "," "," "
"pa54",-16.3657659497,-71.5244034277,"False"," "," ",0," "," "," "," "," "," "
"rg37"," "," "," "," "," "," "," "," "," "," "," "," "
"rg37",-16.3693835266,-71.5001714721,"False"," "," ",0," "," "," "," "," "," "
"rg37",-16.3694932815,-71.5001094654,"False"," "," ",0," "," "," "," "," "," "
"rg37",-16.3693130566,-71.499285509,"False"," "," ",0," "," "," "," "," "," "
"rg37",-16.3691216238,-71.4983964135,"False"," "," ",0," "," "," "," "," "," "
"rg37",-16.3687413852,-71.4976416076,"False"," "," ",0," "," "," "," "," "," "
"rg37",-16.36798463,-71.4966026417,"False"," "," ",0," "," "," "," "," "," "
"rg37",-16.3674297564,-71.495642241,"False"," "," ",0," "," "," "," "," "," "
"rg37",-16.3663680179,-71.4941697765,"False"," "," ",0," "," "," "," "," "," "
"rg37",-16.3651631961,-71.4919870248,"False"," "," ",0," "," "," "," "," "," "
"rg37",-16.3644242703,-71.4923900255,"False"," "," ",0," "," "," "," "," "," "
"rg37",-16.3642401183,-71.4922224597,"False"," "," ",0," "," "," "," "," "," "
"rg37",-16.3638079271,-71.4926010891,"False"," "," ",0," "," "," "," "," "," "
"rg37",-16.3642358001,-71.4930948715,"False"," "," ",0," "," "," "," "," "," "
"rg37",-16.3648746532,-71.4928808362,"False"," "," ",0," "," "," "," "," "," "
"rg37",-16.3660683782,-71.4959873371,"False"," "," ",0," "," "," "," "," "," "
"rg37",-16.3664037506,-71.496821051,"False"," "," ",0," "," "," "," "," "," "
"rg37",-16.3679442008,-71.4982525009,"False"," "," ",0," "," "," "," "," "," "
"rg37",-16.3685480755,-71.4990291208,"False"," "," ",0," "," "," "," "," "," "
"rg37",-16.368723301,-71.4997245034,"False"," "," ",0," "," "," "," "," "," "
"rg37",-16.3689991828,-71.5002246752,"False"," "," ",0," "," "," "," "," "," "
"rg1"," "," "," "," "," "," "," "," "," "," "," "," "
"rg1",-16.3801863195,-71.5261073069,"False"," "," ",0," "," "," "," "," "," "
"rg1",-16.3811977371,-71.5247557823,"False"," "," ",0," "," "," "," "," "," "
"rg1",-16.3803872741,-71.5239829751,"False"," "," ",0," "," "," "," "," "," "
"rg1",-16.3801130871,-71.5242181526,"False"," "," ",0," "," "," "," "," "," "
"rg1",-16.3804517367,-71.5245579884,"False"," "," ",0," "," "," "," "," "," "
"rg1",-16.3798421492,-71.5253302535,"False"," "," ",0," "," "," "," "," "," "
"rg9"," "," "," "," "," "," "," "," "," "," "," "," "
"rg9",-16.3768291217,-71.5300260334,"False"," "," ",0," "," "," "," "," "," "
"rg9",-16.3775559906,-71.5299610905,"False"," "," ",0," "," "," "," "," "," "
"rg9",-16.3774228854,-71.5292186829,"False"," "," ",0," "," "," "," "," "," "
"rg9",-16.3778277915,-71.529125001,"False"," "," ",0," "," "," "," "," "," "
"rg9",-16.3779219657,-71.5290823808,"False"," "," ",0," "," "," "," "," "," "
"rg9",-16.3778419907,-71.5288549763,"False"," "," ",0," "," "," "," "," "," "
"rg9",-16.3775968818,-71.5285891226,"False"," "," ",0," "," "," "," "," "," "
"rg9",-16.376797112,-71.5290651781,"False"," "," ",0," "," "," "," "," "," "
"rg9",-16.3768958542,-71.5298716296,"False"," "," ",0," "," "," "," "," "," "
"rg9",-16.3767781219,-71.5299125722,"False"," "," ",0," "," "," "," "," "," "
"rg14"," "," "," "," "," "," "," "," "," "," "," "," "
"rg14",-16.3772033676,-71.5279151,"False"," "," ",0," "," "," "," "," "," "
"rg14",-16.3768342628,-71.527467459,"False"," "," ",0," "," "," "," "," "," "
"rg14",-16.3763640596,-71.5269346797,"False"," "," ",0," "," "," "," "," "," "
"rg14",-16.3760408935,-71.5267849447,"False"," "," ",0," "," "," "," "," "," "
"rg14",-16.3754377494,-71.5270595571,"False"," "," ",0," "," "," "," "," "," "
"rg14",-16.3755741317,-71.527323611,"False"," "," ",0," "," "," "," "," "," "
"rg14",-16.3761918077,-71.527064078,"False"," "," ",0," "," "," "," "," "," "
"rg14",-16.3767825075,-71.5281578867,"False"," "," ",0," "," "," "," "," "," "
"rg14",-16.3769125243,-71.5280934146,"False"," "," ",0," "," "," "," "," "," "
"rg14",-16.3771316523,-71.5285905506,"False"," "," ",0," "," "," "," "," "," "
"rg14",-16.3772241777,-71.5288074874,"False"," "," ",0," "," "," "," "," "," "
"rg14",-16.3776208162,-71.5285690093,"False"," "," ",0," "," "," "," "," "," "
"rg14",-16.3779616323,-71.5282497383,"False"," "," ",0," "," "," "," "," "," "
"rg14",-16.3776152339,-71.5277972689,"False"," "," ",0," "," "," "," "," "," "
"rg14",-16.3774887191,-71.5276573069,"False"," "," ",0," "," "," "," "," "," "
"rg15"," "," "," "," "," "," "," "," "," "," "," "," "
"rg15",-16.3767786733,-71.529061003,"False"," "," ",0," "," "," "," "," "," "
"rg15",-16.3772085785,-71.5288156874,"False"," "," ",0," "," "," "," "," "," "
"rg15",-16.3769121991,-71.5281333225,"False"," "," ",0," "," "," "," "," "," "
"rg15",-16.3767820658,-71.5281862593,"False"," "," ",0," "," "," "," "," "," "
"rg15",-16.3761930264,-71.5270939819,"False"," "," ",0," "," "," "," "," "," "
"rg15",-16.3755435313,-71.5273378509,"False"," "," ",0," "," "," "," "," "," "
"rg15",-16.376776518,-71.5298918405,"False"," "," ",0," "," "," "," "," "," "
"rg15",-16.3769015004,-71.5298558254,"False"," "," ",0," "," "," "," "," "," "
"rg18"," "," "," "," "," "," "," "," "," "," "," "," "
"rg18",-16.374370814,-71.5239885975,"False"," "," ",0," "," "," "," "," "," "
"rg18",-16.3743944674,-71.5250093843,"False"," "," ",0," "," "," "," "," "," "
"rg18",-16.374486919,-71.5251905379,"False"," "," ",0," "," "," "," "," "," "
"rg18",-16.37482324,-71.524988729,"False"," "," ",0," "," "," "," "," "," "
"rg18",-16.3753845239,-71.5246785845,"False"," "," ",0," "," "," "," "," "," "
"rg18",-16.3748321659,-71.5237364839,"False"," "," ",0," "," "," "," "," "," "
"rg18",-16.3751428886,-71.5235269354,"False"," "," ",0," "," "," "," "," "," "
"rg18",-16.3744962165,-71.5223682019,"False"," "," ",0," "," "," "," "," "," "
"rg18",-16.3744415001,-71.5223152006,"False"," "," ",0," "," "," "," "," "," "
"rg24"," "," "," "," "," "," "," "," "," "," "," "," "
"rg24",-16.3708785836,-71.5094393872,"False"," "," ",0," "," "," "," "," "," "
"rg24",-16.3716067136,-71.5088525092,"False"," "," ",0," "," "," "," "," "," "
"rg24",-16.3711991469,-71.5083317355,"False"," "," ",0," "," "," "," "," "," "
"rg24",-16.370808215,-71.5078222425,"False"," "," ",0," "," "," "," "," "," "
"rg24",-16.370072448,-71.5084287357,"False"," "," ",0," "," "," "," "," "," "
"rg24",-16.3695987774,-71.5087322122,"False"," "," ",0," "," "," "," "," "," "
"rg24",-16.3689244599,-71.5092784209,"False"," "," ",0," "," "," "," "," "," "
"rg24",-16.3690116349,-71.5096628303,"False"," "," ",0," "," "," "," "," "," "
"rg24",-16.3692339388,-71.5099929079,"False"," "," ",0," "," "," "," "," "," "
"rg24",-16.3693816265,-71.5101765202,"False"," "," ",0," "," "," "," "," "," "
"rg24",-16.369843029,-71.5102449482,"False"," "," ",0," "," "," "," "," "," "
"rg24",-16.3702022453,-71.510720911,"False"," "," ",0," "," "," "," "," "," "
"rg24",-16.3702113815,-71.5107537549,"False"," "," ",0," "," "," "," "," "," "
"rg24",-16.3712163454,-71.5099343114,"False"," "," ",0," "," "," "," "," "," "
"rg26"," "," "," "," "," "," "," "," "," "," "," "," "
"rg26",-16.3731913419,-71.5110203867,"False"," "," ",0," "," "," "," "," "," "
"rg26",-16.3725346717,-71.510096133,"False"," "," ",0," "," "," "," "," "," "
"rg26",-16.3730088245,-71.509720496,"False"," "," ",0," "," "," "," "," "," "
"rg26",-16.3737374656,-71.5106217584,"False"," "," ",0," "," "," "," "," "," "
"rg26",-16.3742308035,-71.5102227717,"False"," "," ",0," "," "," "," "," "," "
"rg26",-16.3729924391,-71.5085555862,"False"," "," ",0," "," "," "," "," "," "
"rg26",-16.3719917053,-71.5093963052,"False"," "," ",0," "," "," "," "," "," "
"rg26",-16.3716060927,-71.5088701085,"False"," "," ",0," "," "," "," "," "," "
"rg26",-16.3709098248,-71.5094567442,"False"," "," ",0," "," "," "," "," "," "
"rg26",-16.3724839251,-71.5116056591,"False"," "," ",0," "," "," "," "," "," "
"rg31"," "," "," "," "," "," "," "," "," "," "," "," "
"rg31",-16.3688884397,-71.5080472726,"False"," "," ",0," "," "," "," "," "," "
"rg31",-16.368930091,-71.5084538608,"False"," "," ",0," "," "," "," "," "," "
"rg31",-16.3689266564,-71.5088575611,"False"," "," ",0," "," "," "," "," "," "
"rg31",-16.3686085555,-71.508935304,"False"," "," ",0," "," "," "," "," "," "
"rg31",-16.3684926194,-71.5085014384,"False"," "," ",0," "," "," "," "," "," "
"rg31",-16.3682882985,-71.5085477677,"False"," "," ",0," "," "," "," "," "," "
"rg31",-16.3674844989,-71.509171794,"False"," "," ",0," "," "," "," "," "," "
"rg31",-16.3674464677,-71.5095211751,"False"," "," ",0," "," "," "," "," "," "
"rg31",-16.3678250178,-71.5101281956,"False"," "," ",0," "," "," "," "," "," "
"rg31",-16.3687488544,-71.5093936351,"False"," "," ",0," "," "," "," "," "," "
"rg31",-16.3693855546,-71.5088894966,"False"," "," ",0," "," "," "," "," "," "
"rg31",-16.3688995038,-71.507137083,"False"," "," ",0," "," "," "," "," "," "
"rg31",-16.3686706767,-71.5072000546,"False"," "," ",0," "," "," "," "," "," "
"rg33"," "," "," "," "," "," "," "," "," "," "," "," "
"rg33",-16.3666389823,-71.5074576234,"False"," "," ",0," "," "," "," "," "," "
"rg33",-16.3680078522,-71.5072859916,"False"," "," ",0," "," "," "," "," "," "
"rg33",-16.3680658308,-71.5078140098,"False"," "," ",0," "," "," "," "," "," "
"rg33",-16.3683859478,-71.507788924,"False"," "," ",0," "," "," "," "," "," "
"rg33",-16.3687748394,-71.5076292413,"False"," "," ",0," "," "," "," "," "," "
"rg33",-16.3686630377,-71.5071953975,"False"," "," ",0," "," "," "," "," "," "
"rg33",-16.3689136383,-71.5071101081,"False"," "," ",0," "," "," "," "," "," "
"rg33",-16.3691931326,-71.5062662084,"False"," "," ",0," "," "," "," "," "," "
"rg33",-16.3687661706,-71.5060374406,"False"," "," ",0," "," "," "," "," "," "
"rg33",-16.3682967007,-71.5061222174,"False"," "," ",0," "," "," "," "," "," "
"rg33",-16.3682855856,-71.5064119488,"False"," "," ",0," "," "," "," "," "," "
"rg33",-16.3676874318,-71.506513849,"False"," "," ",0," "," "," "," "," "," "
"rg33",-16.3669497532,-71.5065915852,"False"," "," ",0," "," "," "," "," "," "
"rg34"," "," "," "," "," "," "," "," "," "," "," "," "
"rg34",-16.3686277293,-71.5041362974,"False"," "," ",0," "," "," "," "," "," "
"rg34",-16.3686406722,-71.5037707146,"False"," "," ",0," "," "," "," "," "," "
"rg34",-16.3682428753,-71.5037424835,"False"," "," ",0," "," "," "," "," "," "
"rg34",-16.368174178,-71.5047114392,"False"," "," ",0," "," "," "," "," "," "
"rg34",-16.3682858232,-71.5050339019,"False"," "," ",0," "," "," "," "," "," "
"rg34",-16.3687741588,-71.5050894565,"False"," "," ",0," "," "," "," "," "," "
"rg34",-16.3691452246,-71.5052113873,"False"," "," ",0," "," "," "," "," "," "
"rg34",-16.3692119927,-71.5049956483,"False"," "," ",0," "," "," "," "," "," "
"rg34",-16.3695703078,-71.5050287098,"False"," "," ",0," "," "," "," "," "," "
"rg34",-16.3696533543,-71.5047438084,"False"," "," ",0," "," "," "," "," "," "
"rg34",-16.3700063736,-71.5047999938,"False"," "," ",0," "," "," "," "," "," "
"rg34",-16.3701642047,-71.5044771754,"False"," "," ",0," "," "," "," "," "," "
"rg34",-16.3706504629,-71.5041278074,"False"," "," ",0," "," "," "," "," "," "
"rg34",-16.3703853501,-71.5035779256,"False"," "," ",0," "," "," "," "," "," "
"rg34",-16.3699862509,-71.5032811814,"False"," "," ",0," "," "," "," "," "," "
"rg34",-16.3697346617,-71.5032841224,"False"," "," ",0," "," "," "," "," "," "
"rg34",-16.369672117,-71.5042036367,"False"," "," ",0," "," "," "," "," "," "
"rg42"," "," "," "," "," "," "," "," "," "," "," "," "
"rg42",-16.3649158915,-71.5255649165,"False"," "," ",0," "," "," "," "," "," "
"rg42",-16.3651403854,-71.5261362393,"False"," "," ",0," "," "," "," "," "," "
"rg42",-16.3660099246,-71.5265508352,"False"," "," ",0," "," "," "," "," "," "
"rg42",-16.3664825894,-71.5256015482,"False"," "," ",0," "," "," "," "," "," "
"rg42",-16.3654581431,-71.5248543446,"False"," "," ",0," "," "," "," "," "," "
"rg48"," "," "," "," "," "," "," "," "," "," "," "," "
"rg48",-16.3701464878,-71.524989775,"False"," "," ",0," "," "," "," "," "," "
"rg48",-16.3694451485,-71.5242339495,"False"," "," ",0," "," "," "," "," "," "
"rg48",-16.3686662758,-71.5234957685,"False"," "," ",0," "," "," "," "," "," "
"rg48",-16.3684510648,-71.5237036703,"False"," "," ",0," "," "," "," "," "," "
"rg48",-16.3679924786,-71.5239159548,"False"," "," ",0," "," "," "," "," "," "
"rg48",-16.3683291348,-71.5245614285,"False"," "," ",0," "," "," "," "," "," "
"rg48",-16.3682423002,-71.5247344145,"False"," "," ",0," "," "," "," "," "," "
"rg48",-16.3687821115,-71.5251285118,"False"," "," ",0," "," "," "," "," "," "
"rg48",-16.3690584512,-71.5246403745,"False"," "," ",0," "," "," "," "," "," "
"rg48",-16.3697237127,-71.5253333707,"False"," "," ",0," "," "," "," "," "," "
"rg48",-16.3697124367,-71.5253376405,"False"," "," ",0," "," "," "," "," "," "
"rg48",-16.3701475098,-71.525490733,"False"," "," ",0," "," "," "," "," "," "
"rg48",-16.3702732886,-71.5253126292,"False"," "," ",0," "," "," "," "," "," "
"rg56"," "," "," "," "," "," "," "," "," "," "," "," "
"rg56",-16.3683540388,-71.5285383474,"False"," "," ",0," "," "," "," "," "," "
"rg56",-16.3693727865,-71.5296180245,"False"," "," ",0," "," "," "," "," "," "
"rg56",-16.3708832772,-71.5298758016,"False"," "," ",0," "," "," "," "," "," "
"rg56",-16.3698102034,-71.5309596712,"False"," "," ",0," "," "," "," "," "," "
"rg56",-16.3692173484,-71.530379088,"False"," "," ",0," "," "," "," "," "," "
"rg56",-16.3681987714,-71.529692501,"False"," "," ",0," "," "," "," "," "," "
"rg56",-16.3673921871,-71.5287138398,"False"," "," ",0," "," "," "," "," "," "
"rg56",-16.3661207003,-71.5280354262,"False"," "," ",0," "," "," "," "," "," "
"rg56",-16.3660617222,-71.5283005466,"False"," "," ",0," "," "," "," "," "," "
"rg56",-16.3667294681,-71.5288121019,"False"," "," ",0," "," "," "," "," "," "
"rg56",-16.367760486,-71.5295681102,"False"," "," ",0," "," "," "," "," "," "
"rg56",-16.3680077074,-71.5300515946,"False"," "," ",0," "," "," "," "," "," "
"rg56",-16.3685540414,-71.5302874109,"False"," "," ",0," "," "," "," "," "," "
"rg56",-16.3695435025,-71.5311929094,"False"," "," ",0," "," "," "," "," "," "
"rg56",-16.3695580306,-71.5314938739,"False"," "," ",0," "," "," "," "," "," "
"rg56",-16.3698416709,-71.5317615198,"False"," "," ",0," "," "," "," "," "," "
"rg56",-16.37009345,-71.5316902887,"False"," "," ",0," "," "," "," "," "," "
"rg56",-16.3705093917,-71.5314819809,"False"," "," ",0," "," "," "," "," "," "
"rg56",-16.3715484699,-71.5312560026,"False"," "," ",0," "," "," "," "," "," "
"rg56",-16.3718151608,-71.5306238869,"False"," "," ",0," "," "," "," "," "," "
"rg56",-16.3723300823,-71.5304486038,"False"," "," ",0," "," "," "," "," "," "
"rg56",-16.3723919041,-71.5301636876,"False"," "," ",0," "," "," "," "," "," "
"rg56",-16.3723896348,-71.5301517713,"False"," "," ",0," "," "," "," "," "," "
"rg56",-16.3729720167,-71.5301714423,"False"," "," ",0," "," "," "," "," "," "
"rg56",-16.3733283948,-71.5300147718,"False"," "," ",0," "," "," "," "," "," "
"rg56",-16.3734610162,-71.5291219591,"False"," "," ",0," "," "," "," "," "," "
"rg56",-16.372580767,-71.5291015898,"False"," "," ",0," "," "," "," "," "," "
"rg56",-16.3723662638,-71.5290546228,"False"," "," ",0," "," "," "," "," "," "
"rg56",-16.3720527353,-71.5294121153,"False"," "," ",0," "," "," "," "," "," "
"rg56",-16.371813086,-71.5294498726,"False"," "," ",0," "," "," "," "," "," "
"rg56",-16.3717184662,-71.5294306162,"False"," "," ",0," "," "," "," "," "," "
"rg56",-16.3715164348,-71.5290600468,"False"," "," ",0," "," "," "," "," "," "
"rg56",-16.3714121849,-71.5290715149,"False"," "," ",0," "," "," "," "," "," "
"rg56",-16.3713486604,-71.529150431,"False"," "," ",0," "," "," "," "," "," "
"rg56",-16.3712672441,-71.5294974977,"False"," "," ",0," "," "," "," "," "," "
"rg56",-16.3712578448,-71.5295619144,"False"," "," ",0," "," "," "," "," "," "
"rg56",-16.3711607091,-71.5296478184,"False"," "," ",0," "," "," "," "," "," "
"rg56",-16.3709309867,-71.5298721955,"False"," "," ",0," "," "," "," "," "," "
"rg56",-16.3699654976,-71.529692164,"False"," "," ",0," "," "," "," "," "," "
"rg56",-16.3700752535,-71.5294554724,"False"," "," ",0," "," "," "," "," "," "
"rg56",-16.3686208471,-71.5283213163,"False"," "," ",0," "," "," "," "," "," "
"l2"," "," "," "," "," "," "," "," "," "," "," "," "
"l2",-16.3804369004,-71.5245633832,"False"," "," ",0," "," "," "," "," "," "
"l2",-16.3800919119,-71.5242176006,"False"," "," ",0," "," "," "," "," "," "
"l2",-16.3803863957,-71.5239683745,"False"," "," ",0," "," "," "," "," "," "
"l2",-16.380148721,-71.5237190009,"False"," "," ",0," "," "," "," "," "," "
"l2",-16.3794323382,-71.5243276091,"False"," "," ",0," "," "," "," "," "," "
"l2",-16.3794743793,-71.5245251112,"False"," "," ",0," "," "," "," "," "," "
"l2",-16.37983687,-71.5253102799,"False"," "," ",0," "," "," "," "," "," "
"l7"," "," "," "," "," "," "," "," "," "," "," "," "
"l7",-16.3773811298,-71.5309778727,"False"," "," ",0," "," "," "," "," "," "
"l7",-16.377211892,-71.5300040037,"False"," "," ",0," "," "," "," "," "," "
"l7",-16.3762862312,-71.5301137334,"False"," "," ",0," "," "," "," "," "," "
"l7",-16.376453617,-71.5308961871,"False"," "," ",0," "," "," "," "," "," "
"l7",-16.3767899217,-71.5312145673,"False"," "," ",0," "," "," "," "," "," "
"l7",-16.3773910095,-71.5316031959,"False"," "," ",0," "," "," "," "," "," "
"l7",-16.3782405163,-71.5317401543,"False"," "," ",0," "," "," "," "," "," "
"l7",-16.3781719111,-71.5311135907,"False"," "," ",0," "," "," "," "," "," "
"l19"," "," "," "," "," "," "," "," "," "," "," "," "
"l19",-16.3737396039,-71.517241734,"False"," "," ",0," "," "," "," "," "," "
"l19",-16.3725971405,-71.5157447373,"False"," "," ",0," "," "," "," "," "," "
"l19",-16.3714603929,-71.5166487143,"False"," "," ",0," "," "," "," "," "," "
"l19",-16.3724403447,-71.5183567587,"False"," "," ",0," "," "," "," "," "," "
"l22"," "," "," "," "," "," "," "," "," "," "," "," "
"l22",-16.3714143992,-71.5124363887,"False"," "," ",0," "," "," "," "," "," "
"l22",-16.3709174005,-71.5127942083,"False"," "," ",0," "," "," "," "," "," "
"l22",-16.3702861121,-71.5119726592,"False"," "," ",0," "," "," "," "," "," "
"l22",-16.3697815238,-71.5123255867,"False"," "," ",0," "," "," "," "," "," "
"l22",-16.3703870673,-71.5131747523,"False"," "," ",0," "," "," "," "," "," "
"l22",-16.3701080192,-71.5134241602,"False"," "," ",0," "," "," "," "," "," "
"l22",-16.3704269953,-71.5139178139,"False"," "," ",0," "," "," "," "," "," "
"l22",-16.3717368217,-71.5129332284,"False"," "," ",0," "," "," "," "," "," "
"l25"," "," "," "," "," "," "," "," "," "," "," "," "
"l25",-16.373003001,-71.5085469669,"False"," "," ",0," "," "," "," "," "," "
"l25",-16.3718408806,-71.5069890993,"False"," "," ",0," "," "," "," "," "," "
"l25",-16.3708297628,-71.5078068835,"False"," "," ",0," "," "," "," "," "," "
"l25",-16.3719948826,-71.5093755182,"False"," "," ",0," "," "," "," "," "," "
"l27"," "," "," "," "," "," "," "," "," "," "," "," "
"l27",-16.372477998,-71.5115879018,"False"," "," ",0," "," "," "," "," "," "
"l27",-16.3728892584,-71.5120778582,"False"," "," ",0," "," "," "," "," "," "
"l27",-16.3738258983,-71.5113815317,"False"," "," ",0," "," "," "," "," "," "
"l27",-16.373436783,-71.5108630086,"False"," "," ",0," "," "," "," "," "," "
"l27",-16.3737117981,-71.5106252282,"False"," "," ",0," "," "," "," "," "," "
"l27",-16.3730244833,-71.5097384551,"False"," "," ",0," "," "," "," "," "," "
"l27",-16.372537698,-71.5100863099,"False"," "," ",0," "," "," "," "," "," "
"l27",-16.3732117759,-71.5110191391,"False"," "," ",0," "," "," "," "," "," "
"l32"," "," "," "," "," "," "," "," "," "," "," "," "
"l32",-16.3684033878,-71.5077395634,"False"," "," ",0," "," "," "," "," "," "
"l32",-16.368396004,-71.5078058814,"False"," "," ",0," "," "," "," "," "," "
"l32",-16.3680594626,-71.5078352821,"False"," "," ",0," "," "," "," "," "," "
"l32",-16.3680044405,-71.5072912137,"False"," "," ",0," "," "," "," "," "," "
"l32",-16.3665678656,-71.5075052833,"False"," "," ",0," "," "," "," "," "," "
"l32",-16.3664712018,-71.5078796775,"False"," "," ",0," "," "," "," "," "," "
"l32",-16.3671207705,-71.5084083112,"False"," "," ",0," "," "," "," "," "," "
"l32",-16.3674760129,-71.50914242,"False"," "," ",0," "," "," "," "," "," "
"l32",-16.3681155827,-71.5086422828,"False"," "," ",0," "," "," "," "," "," "
"l32",-16.3684765933,-71.5084632237,"False"," "," ",0," "," "," "," "," "," "
"l32",-16.3686156665,-71.508932286,"False"," "," ",0," "," "," "," "," "," "
"l32",-16.3689227728,-71.5088498436,"False"," "," ",0," "," "," "," "," "," "
"l32",-16.3689160466,-71.508417515,"False"," "," ",0," "," "," "," "," "," "
"l32",-16.3688789726,-71.5081049043,"False"," "," ",0," "," "," "," "," "," "
"l32",-16.3687736243,-71.5076372243,"False"," "," ",0," "," "," "," "," "," "
"l35"," "," "," "," "," "," "," "," "," "," "," "," "
"l35",-16.3686154865,-71.504123543,"False"," "," ",0," "," "," "," "," "," "
"l35",-16.3696575983,-71.5041949894,"False"," "," ",0," "," "," "," "," "," "
"l35",-16.3697048827,-71.5035750491,"False"," "," ",0," "," "," "," "," "," "
"l35",-16.3697001633,-71.5032614606,"False"," "," ",0," "," "," "," "," "," "
"l35",-16.3696773442,-71.5022551857,"False"," "," ",0," "," "," "," "," "," "
"l35",-16.3694261869,-71.5022944016,"False"," "," ",0," "," "," "," "," "," "
"l35",-16.3686903021,-71.5030104926,"False"," "," ",0," "," "," "," "," "," "
"l35",-16.3685365966,-71.5033246072,"False"," "," ",0," "," "," "," "," "," "
"l35",-16.3681967403,-71.5033252051,"False"," "," ",0," "," "," "," "," "," "
"l35",-16.3681916152,-71.5036884788,"False"," "," ",0," "," "," "," "," "," "
"l35",-16.3686587991,-71.5037194706,"False"," "," ",0," "," "," "," "," "," "
"l36"," "," "," "," "," "," "," "," "," "," "," "," "
"l36",-16.3703850281,-71.5016332213,"False"," "," ",0," "," "," "," "," "," "
"l36",-16.3695243597,-71.5001246418,"False"," "," ",0," "," "," "," "," "," "
"l36",-16.3690857084,-71.5003259567,"False"," "," ",0," "," "," "," "," "," "
"l36",-16.3695814783,-71.5011636858,"False"," "," ",0," "," "," "," "," "," "
"l36",-16.3696159115,-71.5016982666,"False"," "," ",0," "," "," "," "," "," "
"l36",-16.3697041044,-71.5022034586,"False"," "," ",0," "," "," "," "," "," "
"l36",-16.3697173809,-71.5032355411,"False"," "," ",0," "," "," "," "," "," "
"l36",-16.3699858624,-71.503261813,"False"," "," ",0," "," "," "," "," "," "
"l36",-16.3703827386,-71.5035549828,"False"," "," ",0," "," "," "," "," "," "
"l36",-16.3705470414,-71.5038596825,"False"," "," ",0," "," "," "," "," "," "
"l36",-16.371009693,-71.5035945626,"False"," "," ",0," "," "," "," "," "," "
"l36",-16.3708279555,-71.5024081743,"False"," "," ",0," "," "," "," "," "," "
"l6"," "," "," "," "," "," "," "," "," "," "," "," "
"l6",-16.3769816594,-71.5256438017,"False"," "," ",0," "," "," "," "," "," "
"l6",-16.3772857456,-71.5252007435,"False"," "," ",0," "," "," "," "," "," "
"l6",-16.3774884868,-71.5248594598,"False"," "," ",0," "," "," "," "," "," "
"l6",-16.3763920078,-71.5241586857,"False"," "," ",0," "," "," "," "," "," "
"l6",-16.3762065038,-71.5244298925,"False"," "," ",0," "," "," "," "," "," "
"l6",-16.3759513078,-71.5246041396,"False"," "," ",0," "," "," "," "," "," "
"l6",-16.376705827,-71.5258871871,"False"," "," ",0," "," "," "," "," "," "
"l6",-16.3769930813,-71.5256545103,"False"," "," ",0," "," "," "," "," "," "
"l39"," "," "," "," "," "," "," "," "," "," "," "," "
"l39",-16.3779327299,-71.5246773765,"False"," "," ",0," "," "," "," "," "," "
"l39",-16.3771460949,-71.5241627276,"False"," "," ",0," "," "," "," "," "," "
"l39",-16.3773475597,-71.5238569024,"False"," "," ",0," "," "," "," "," "," "
"l39",-16.3767122573,-71.5234385695,"False"," "," ",0," "," "," "," "," "," "
"l39",-16.3765883472,-71.523553993,"False"," "," ",0," "," "," "," "," "," "
"l39",-16.3764619522,-71.5237351571,"False"," "," ",0," "," "," "," "," "," "
"l39",-16.3762520907,-71.5240287383,"False"," "," ",0," "," "," "," "," "," "
"l39",-16.3775093219,-71.5248379813,"False"," "," ",0," "," "," "," "," "," "
"l39",-16.3787154891,-71.5256109784,"False"," "," ",0," "," "," "," "," "," "
"l39",-16.3790639705,-71.5250335205,"False"," "," ",0," "," "," "," "," "," "
"l39",-16.3788907691,-71.5246836723,"False"," "," ",0," "," "," "," "," "," "
"l39",-16.3786043275,-71.5250916605,"False"," "," ",0," "," "," "," "," "," "
"l43"," "," "," "," "," "," "," "," "," "," "," "," "
"l43",-16.3665504341,-71.5160055217,"False"," "," ",0," "," "," "," "," "," "
"l43",-16.3654505579,-71.5143414515,"False"," "," ",0," "," "," "," "," "," "
"l43",-16.3648787009,-71.5147550645,"False"," "," ",0," "," "," "," "," "," "
"l43",-16.3644432578,-71.5148887047,"False"," "," ",0," "," "," "," "," "," "
"l43",-16.3644994687,-71.5152659093,"False"," "," ",0," "," "," "," "," "," "
"l43",-16.3645773795,-71.5155094243,"False"," "," ",0," "," "," "," "," "," "
"l43",-16.3655066546,-71.5168013789,"False"," "," ",0," "," "," "," "," "," "
"l46"," "," "," "," "," "," "," "," "," "," "," "," "
"l46",-16.3714138344,-71.5256308629,"False"," "," ",0," "," "," "," "," "," "
"l46",-16.3716431315,-71.5253848281,"False"," "," ",0," "," "," "," "," "," "
"l46",-16.3720591159,-71.525781372,"False"," "," ",0," "," "," "," "," "," "
"l46",-16.3722009483,-71.5255070703,"False"," "," ",0," "," "," "," "," "," "
"l46",-16.3719802486,-71.5250810104,"False"," "," ",0," "," "," "," "," "," "
"l46",-16.3721682531,-71.5248662277,"False"," "," ",0," "," "," "," "," "," "
"l46",-16.3715436539,-71.5240892585,"False"," "," ",0," "," "," "," "," "," "
"l46",-16.3713653115,-71.5242600951,"False"," "," ",0," "," "," "," "," "," "
"l46",-16.3710839962,-71.524008343,"False"," "," ",0," "," "," "," "," "," "
"l46",-16.3701550177,-71.5249805041,"False"," "," ",0," "," "," "," "," "," "
"l46",-16.3703670852,-71.5255386433,"False"," "," ",0," "," "," "," "," "," "
"l46",-16.3708878048,-71.526123591,"False"," "," ",0," "," "," "," "," "," "
"l46",-16.3713667316,-71.5255945254,"False"," "," ",0," "," "," "," "," "," "
"l47"," "," "," "," "," "," "," "," "," "," "," "," "
"l47",-16.371173627,-71.5265055636,"False"," "," ",0," "," "," "," "," "," "
"l47",-16.3703724811,-71.5255818677,"False"," "," ",0," "," "," "," "," "," "
"l47",-16.3697014919,-71.5253472174,"False"," "," ",0," "," "," "," "," "," "
"l47",-16.3690487721,-71.524675624,"False"," "," ",0," "," "," "," "," "," "
"l47",-16.3688004644,-71.5251299509,"False"," "," ",0," "," "," "," "," "," "
"l47",-16.3693863745,-71.5255236827,"False"," "," ",0," "," "," "," "," "," "
"l47",-16.3705794077,-71.5265047604,"False"," "," ",0," "," "," "," "," "," "
"l47",-16.3711245294,-71.5271417568,"False"," "," ",0," "," "," "," "," "," "
"l47",-16.371896804,-71.5276300789,"False"," "," ",0," "," "," "," "," "," "
"l47",-16.3723345124,-71.5277667364,"False"," "," ",0," "," "," "," "," "," "
"l47",-16.3727274788,-71.5279656652,"False"," "," ",0," "," "," "," "," "," "
"l47",-16.372873794,-71.5276798092,"False"," "," ",0," "," "," "," "," "," "
"c4"," "," "," "," "," "," "," "," "," "," "," "," "
"c4",-16.3793944428,-71.5243003677,"False"," "," ",0," "," "," "," "," "," "
"c4",-16.3799726472,-71.5238361897,"False"," "," ",0," "," "," "," "," "," "
"c4",-16.3793715122,-71.523370358,"False"," "," ",0," "," "," "," "," "," "
"c4",-16.3791285115,-71.5235864073,"False"," "," ",0," "," "," "," "," "," "
"c4",-16.3789403072,-71.52308266,"False"," "," ",0," "," "," "," "," "," "
"c4",-16.3788357865,-71.5230273163,"False"," "," ",0," "," "," "," "," "," "
"c4",-16.3784480023,-71.523853531,"False"," "," ",0," "," "," "," "," "," "
"c5"," "," "," "," "," "," "," "," "," "," "," "," "
"c5",-16.3774303908,-71.5267061575,"False"," "," ",0," "," "," "," "," "," "
"c5",-16.3782205733,-71.5259764754,"False"," "," ",0," "," "," "," "," "," "
"c5",-16.3785039048,-71.5255153151,"False"," "," ",0," "," "," "," "," "," "
"c5",-16.3775097037,-71.5248869961,"False"," "," ",0," "," "," "," "," "," "
"c5",-16.3770214169,-71.5256327117,"False"," "," ",0," "," "," "," "," "," "
"c5",-16.3767448392,-71.5259329645,"False"," "," ",0," "," "," "," "," "," "
"c8"," "," "," "," "," "," "," "," "," "," "," "," "
"c8",-16.3774468039,-71.5292334091,"False"," "," ",0," "," "," "," "," "," "
"c8",-16.3775910988,-71.529987234,"False"," "," ",0," "," "," "," "," "," "
"c8",-16.3772309255,-71.5300223526,"False"," "," ",0," "," "," "," "," "," "
"c8",-16.3774031179,-71.530959344,"False"," "," ",0," "," "," "," "," "," "
"c8",-16.3781357631,-71.531068589,"False"," "," ",0," "," "," "," "," "," "
"c8",-16.3778435337,-71.5291391502,"False"," "," ",0," "," "," "," "," "," "
"c11"," "," "," "," "," "," "," "," "," "," "," "," "
"c11",-16.3779854924,-71.529883617,"False"," "," ",0," "," "," "," "," "," "
"c11",-16.3794065106,-71.5296338089,"False"," "," ",0," "," "," "," "," "," "
"c11",-16.3794306113,-71.5293706267,"False"," "," ",0," "," "," "," "," "," "
"c11",-16.379311248,-71.5292650958,"False"," "," ",0," "," "," "," "," "," "
"c11",-16.3783499888,-71.5294463954,"False"," "," ",0," "," "," "," "," "," "
"c11",-16.3781832005,-71.5290611049,"False"," "," ",0," "," "," "," "," "," "
"c11",-16.3778623296,-71.5291397513,"False"," "," ",0," "," "," "," "," "," "
"c13"," "," "," "," "," "," "," "," "," "," "," "," "
"c13",-16.3764109211,-71.5269073027,"False"," "," ",0," "," "," "," "," "," "
"c13",-16.377220321,-71.5279014409,"False"," "," ",0," "," "," "," "," "," "
"c13",-16.3774826718,-71.5276635709,"False"," "," ",0," "," "," "," "," "," "
"c13",-16.3779494988,-71.5282125553,"False"," "," ",0," "," "," "," "," "," "
"c13",-16.3782560098,-71.5279748669,"False"," "," ",0," "," "," "," "," "," "
"c13",-16.3767127022,-71.5261516805,"False"," "," ",0," "," "," "," "," "," "
"c13",-16.3764200058,-71.5264257056,"False"," "," ",0," "," "," "," "," "," "
"c17"," "," "," "," "," "," "," "," "," "," "," "," "
"c17",-16.3755758661,-71.5257837443,"False"," "," ",0," "," "," "," "," "," "
"c17",-16.3762237957,-71.5253918919,"False"," "," ",0," "," "," "," "," "," "
"c17",-16.3751441017,-71.5235550501,"False"," "," ",0," "," "," "," "," "," "
"c17",-16.374850612,-71.5237533324,"False"," "," ",0," "," "," "," "," "," "
"c17",-16.3753843663,-71.5246722655,"False"," "," ",0," "," "," "," "," "," "
"c17",-16.3748263594,-71.5250224758,"False"," "," ",0," "," "," "," "," "," "
"c17",-16.3752494428,-71.5259508423,"False"," "," ",0," "," "," "," "," "," "
"c30"," "," "," "," "," "," "," "," "," "," "," "," "
"c30",-16.3722415793,-71.5066919577,"False"," "," ",0," "," "," "," "," "," "
"c30",-16.3726593282,-71.5071453515,"False"," "," ",0," "," "," "," "," "," "
"c30",-16.3739469046,-71.5087668858,"False"," "," ",0," "," "," "," "," "," "
"c30",-16.3745768782,-71.5082131034,"False"," "," ",0," "," "," "," "," "," "
"c30",-16.3728907,-71.5061038622,"False"," "," ",0," "," "," "," "," "," "
"c38"," "," "," "," "," "," "," "," "," "," "," "," "
"c38",-16.3788987645,-71.5246686428,"False"," "," ",0," "," "," "," "," "," "
"c38",-16.379074007,-71.5250380087,"False"," "," ",0," "," "," "," "," "," "
"c38",-16.3787319462,-71.5256286645,"False"," "," ",0," "," "," "," "," "," "
"c38",-16.3799318915,-71.5264198113,"False"," "," ",0," "," "," "," "," "," "
"c38",-16.3801719231,-71.5261504555,"False"," "," ",0," "," "," "," "," "," "
"c38",-16.3794341791,-71.5244451881,"False"," "," ",0," "," "," "," "," "," "
"c40"," "," "," "," "," "," "," "," "," "," "," "," "
"c40",-16.3773080748,-71.5233693222,"False"," "," ",0," "," "," "," "," "," "
"c40",-16.3771752138,-71.5231807532,"False"," "," ",0," "," "," "," "," "," "
"c40",-16.3768635327,-71.5228007836,"False"," "," ",0," "," "," "," "," "," "
"c40",-16.3762303227,-71.5234039184,"False"," "," ",0," "," "," "," "," "," "
"c40",-16.3762921505,-71.5234867323,"False"," "," ",0," "," "," "," "," "," "
"c40",-16.3766236864,-71.5235062228,"False"," "," ",0," "," "," "," "," "," "
"c40",-16.3767229711,-71.5234279626,"False"," "," ",0," "," "," "," "," "," "
"c40",-16.3773572674,-71.5238574664,"False"," "," ",0," "," "," "," "," "," "
"c40",-16.3771602495,-71.5241614031,"False"," "," ",0," "," "," "," "," "," "
"c40",-16.3779248124,-71.5246517859,"False"," "," ",0," "," "," "," "," "," "
"c40",-16.3783179055,-71.52407145,"False"," "," ",0," "," "," "," "," "," "
"c41"," "," "," "," "," "," "," "," "," "," "," "," "
"c41",-16.3662520942,-71.5261299112,"False"," "," ",0," "," "," "," "," "," "
"c41",-16.3663811299,-71.5272413293,"False"," "," ",0," "," "," "," "," "," "
"c41",-16.3679368624,-71.5288077588,"False"," "," ",0," "," "," "," "," "," "
"c41",-16.3685934316,-71.5283368746,"False"," "," ",0," "," "," "," "," "," "
"c41",-16.3690983098,-71.5275198667,"False"," "," ",0," "," "," "," "," "," "
"c41",-16.3665072786,-71.525625724,"False"," "," ",0," "," "," "," "," "," "
"c50"," "," "," "," "," "," "," "," "," "," "," "," "
"c50",-16.3697153018,-71.5264549653,"False"," "," ",0," "," "," "," "," "," "
"c50",-16.370646267,-71.5271362925,"False"," "," ",0," "," "," "," "," "," "
"c50",-16.3708500708,-71.5268661399,"False"," "," ",0," "," "," "," "," "," "
"c50",-16.3702709188,-71.5262704229,"False"," "," ",0," "," "," "," "," "," "
"c50",-16.3694560224,-71.5256246936,"False"," "," ",0," "," "," "," "," "," "
"c50",-16.3688178661,-71.5252545483,"False"," "," ",0," "," "," "," "," "," "
"c50",-16.3682621677,-71.5261081035,"False"," "," ",0," "," "," "," "," "," "
"c50",-16.3693881881,-71.5269344029,"False"," "," ",0," "," "," "," "," "," "
"c51"," "," "," "," "," "," "," "," "," "," "," "," "
"c51",-16.3722478947,-71.5289211664,"False"," "," ",0," "," "," "," "," "," "
"c51",-16.3725028504,-71.5284143561,"False"," "," ",0," "," "," "," "," "," "
"c51",-16.3721269088,-71.5281961815,"False"," "," ",0," "," "," "," "," "," "
"c51",-16.3721237014,-71.5281934534,"False"," "," ",0," "," "," "," "," "," "
"c51",-16.372279983,-71.5279878576,"False"," "," ",0," "," "," "," "," "," "
"c51",-16.3711899959,-71.527297349,"False"," "," ",0," "," "," "," "," "," "
"c51",-16.3708511557,-71.5268828183,"False"," "," ",0," "," "," "," "," "," "
"c51",-16.3706615607,-71.5271469116,"False"," "," ",0," "," "," "," "," "," "
"c51",-16.3697402602,-71.5264790114,"False"," "," ",0," "," "," "," "," "," "
"c51",-16.3694058275,-71.5269403738,"False"," "," ",0," "," "," "," "," "," "
"c51",-16.3707359044,-71.5278622172,"False"," "," ",0," "," "," "," "," "," "
"c53"," "," "," "," "," "," "," "," "," "," "," "," "
"c53",-16.3679293931,-71.526637518,"False"," "," ",0," "," "," "," "," "," "
"c53",-16.3691547596,-71.527514816,"False"," "," ",0," "," "," "," "," "," "
"c53",-16.3686190321,-71.5283283823,"False"," "," ",0," "," "," "," "," "," "
"c53",-16.3701181614,-71.5294236204,"False"," "," ",0," "," "," "," "," "," "
"c53",-16.3709973861,-71.5280974041,"False"," "," ",0," "," "," "," "," "," "
"c53",-16.3682289851,-71.5261283723,"False"," "," ",0," "," "," "," "," "," "
"c55"," "," "," "," "," "," "," "," "," "," "," "," "
"c55",-16.3693673516,-71.5296271,"False"," "," ",0," "," "," "," "," "," "
"c55",-16.368333606,-71.5285465706,"False"," "," ",0," "," "," "," "," "," "
"c55",-16.3676631593,-71.5289981726,"False"," "," ",0," "," "," "," "," "," "
"c55",-16.3681227471,-71.5296040832,"False"," "," ",0," "," "," "," "," "," "
"c55",-16.3689348978,-71.5301667601,"False"," "," ",0," "," "," "," "," "," "
"c55",-16.3692595921,-71.5303977994,"False"," "," ",0," "," "," "," "," "," "
"c55",-16.3698309785,-71.5309198717,"False"," "," ",0," "," "," "," "," "," "
"c55",-16.3708578443,-71.529879765,"False"," "," ",0," "," "," "," "," "," "
